id,last_name,first_name
1,Schmitt,Ramon
2,Reinger,Johnny
3,Bins,Darren
4,Nienow,River
5,Hagenes,Dejuan
6,Ernser,Cicero
7,Marquardt,Mireya
8,Ondricka,Mikayla
9,Will,Gwen
10,Powlowski,Leopold
11,Stehr,Kayden
12,Rodriguez,Luna
13,Steuber,Dejon
14,Batz,Lukas
15,Swaniawski,Leanna
16,Parker,Desiree
17,Kuphal,Roman
18,Hyatt,Fanny
19,Tillman,Zena
20,Borer,Leslie
21,Mueller,Sharon
22,Harris,Ramiro
23,D'Amore,Lyric
24,Koelpin,Bernie
25,Harber,Alice
26,McGlynn,Devin
27,Stiedemann,Deondre
28,Rempel,Hal
29,Rosenbaum,Andreane
30,Hodkiewicz,Leonard
31,Kirlin,Ellen
32,Roob,Kole
33,Hoppe,Glenda
34,Mraz,Rebecca
35,Schuppe,Furman
36,Beatty,Dina
37,Tromp,Cristopher
38,Doyle,Ken
39,Mante,Salma
40,Hayes,Jewel
41,Senger,Sasha
42,Hermiston,Yvette
43,Terry,Brandi
44,Wolff,Lora
45,Wunsch,Salvatore
46,Heathcote,Aylin
47,Dach,Idell
48,Morissette,Joannie
49,Smitham,Ashley
50,Altenwerth,Jamaal
51,Pfeffer,Velva
52,Yundt,Julian
53,Runte,Jaeden
54,Rau,Melisa
55,Ebert,Noel
56,Rowe,Ross
57,Hansen,Holly
58,Kassulke,Mack
59,Botsford,Cedrick
60,Ferry,Missouri
61,Kilback,Anais
62,Bayer,Dayna
63,Cronin,Blaise
64,Shields,Brisa
65,Jones,Cynthia
66,Gutmann,Marcelle
67,Abbott,Treva
68,Friesen,Kaia
69,Weber,Weldon
70,Spinka,Vivienne
71,Terry,Beulah
72,Conroy,Annamae
73,Emard,Arnulfo
74,Parker,John
75,Lowe,Ruthe
76,Leannon,Domenick
77,Hartmann,Guido
78,Jerde,Faye
79,Gaylord,Sofia
80,Hill,Aniyah
81,Fadel,Angel
82,Gislason,Abel
83,McKenzie,Danyka
84,Murray,Harold
85,McClure,Nelle
86,Gleichner,Alexys
87,Pollich,Vivian
88,Huels,Isidro
89,Balistreri,Jan
90,Heaney,Cristobal
91,Collier,Eleanora
92,Daugherty,Filomena
93,Stroman,Walker
94,Huels,Lilly
95,Erdman,Vergie
96,Boyer,Devin
97,Schaefer,Lester
98,Langworth,Vicenta
99,Trantow,Ofelia
100,Gleason,Elwin
101,Lindgren,Marilie
102,Klocko,Karine
103,McLaughlin,Curtis
104,Tremblay,Joshuah
105,Hagenes,Lucile
106,Wolff,Matteo
107,Koelpin,Augusta
108,Hayes,Stephen
109,Becker,Judy
110,Huel,Raina
111,Schamberger,Cameron
112,Wiza,Letha
113,Bradtke,Oliver
114,Mohr,Lura
115,Schowalter,Edd
116,Parker,John
117,Emard,Richie
118,Hill,Graciela
119,Stracke,Antonia
120,Schneider,Kayla
121,Herman,Emmie
122,Kohler,Judah
123,Larkin,Wayne
124,Kling,Roberta
125,Goodwin,Fernando
126,Nader,Helen
127,Price,Werner
128,Lueilwitz,Trace
129,Labadie,Caleigh
130,Friesen,Mervin
131,Schumm,Christop
132,Hermann,Anderson
133,Keebler,Travis
134,Rodriguez,Loraine
135,Murray,Carmel
136,Jaskolski,Lowell
137,Davis,Kathleen
138,Walker,Karina
139,Walker,Rossie
140,Pfannerstill,Roselyn
141,Thompson,Coby
142,Hagenes,Jairo
143,Ziemann,Steve
144,Moore,Colten
145,Pfannerstill,Kane
146,Pacocha,Birdie
147,Ruecker,Jesus
148,Smitham,Coby
149,Tremblay,Corrine
150,Denesik,Koby
151,Leuschke,Robin
152,Cummerata,Audie
153,Cremin,Devyn
154,Jenkins,Esteban
155,Leuschke,Berta
156,Reynolds,Jaida
157,Effertz,Brett
158,Thiel,Josiah
159,Schiller,Quinn
160,Mann,Jacinthe
161,Wisozk,Kiel
162,Ebert,Cassandra
163,Mosciski,Devyn
164,Schulist,Rene
165,VonRueden,Shanna
166,Osinski,Cali
167,Nicolas,Lawson
168,Durgan,Russel
169,Will,Benny
170,Bergstrom,Janick
171,Schmidt,Deja
172,Feil,Pearline
173,Wisozk,Louisa
174,Ernser,Vincent
175,Lang,Jamaal
176,Kris,Christian
177,Bergnaum,Lola
178,Denesik,Lessie
179,Williamson,Gloria
180,Littel,Eldora
181,Bednar,Ernestine
182,Fadel,Albertha
183,Crist,Roosevelt
184,Roob,Leatha
185,Mayert,Sidney
186,Schmitt,Myrtie
187,Bartoletti,Dorcas
188,Jenkins,Neva
189,Hintz,Cayla
190,Gibson,Rowena
191,Rohan,Jody
192,Marquardt,Jacynthe
193,Berge,Minnie
194,Rippin,Edmond
195,Ortiz,Monserrate
196,Bayer,Angie
197,Corwin,Justine
198,Mann,Gillian
199,Grimes,Christopher
200,Rath,Lesly
201,Carroll,Manley
202,Gislason,Montana
203,Jones,Guiseppe
204,Keebler,Theresa
205,Wilderman,Ryan
206,Reilly,Lucie
207,Nicolas,Dexter
208,Fisher,Jaleel
209,Smith,Garfield
210,Shanahan,Deondre
211,Berge,Edmond
212,Tromp,Keith
213,Hilpert,Taylor
214,Weissnat,Leann
215,Roberts,Rhea
216,Zieme,Ines
217,VonRueden,Celine
218,Stark,Christop
219,Herzog,Rickie
220,Walker,Chance
221,Schowalter,Nestor
222,Rice,Maye
223,Spinka,Adrianna
224,Bernier,Alvena
225,Schimmel,Gayle
226,Botsford,Chelsea
227,Oberbrunner,Malika
228,Von,Henderson
229,Crist,Bettie
230,Koch,Mandy
231,Senger,Rosella
232,Feest,Albert
233,Ryan,Mikel
234,White,Frankie
235,Mayer,Retha
236,Hyatt,Afton
237,Ullrich,Jarred
238,Hill,Flossie
239,Carroll,Freeda
240,Raynor,Orville
241,Grant,Devan
242,Cassin,Selena
243,Nicolas,Lon
244,Nicolas,Theresia
245,Bartoletti,Federico
246,Lowe,Esther
247,Lowe,Judge
248,Nienow,Lauryn
249,Bergstrom,Jennings
250,Kassulke,Loraine
251,Abernathy,Joanne
252,Koch,Cathrine
253,Moen,Kenton
254,Osinski,Carroll
255,Wisoky,Clarabelle
256,Lesch,Mervin
257,McGlynn,Darrin
258,Lowe,Paula
259,Fritsch,Mateo
260,Reynolds,Delpha
261,Medhurst,Piper
262,Gleason,Adalberto
263,Gerhold,Hipolito
264,Collins,Orin
265,Dibbert,Forrest
266,Koch,Kattie
267,Gulgowski,Neha
268,Macejkovic,Jermaine
269,Kuhn,Rossie
270,Hansen,Nat
271,Smith,Nelle
272,Becker,Lera
273,Hudson,Eva
274,Grant,Francisca
275,Jacobs,Milton
276,Nader,Koby
277,West,Jackson
278,Davis,Jewell
279,Mosciski,Frances
280,Becker,Gwendolyn
281,Marks,Roderick
282,Zemlak,Coralie
283,Lesch,Gerhard
284,Fadel,Alfredo
285,Ebert,Odessa
286,Bashirian,Hilma
287,Ledner,Laron
288,Gleichner,Neoma
289,Abernathy,Kyle
290,Schumm,Freda
291,Lowe,Conner
292,Larkin,Christy
293,Baumbach,Alisa
294,Bednar,Shaniya
295,Brakus,Nettie
296,Deckow,Garnet
297,Haley,Jaylon
298,Mertz,Taya
299,Spinka,Bette
300,Wiegand,Rebekah
301,Hirthe,Brendon
302,Marquardt,Elta
303,Gleichner,Fiona
304,Walter,Makenna
305,Ledner,Jadyn
306,Ruecker,Thad
307,Fay,Raheem
308,Lemke,Mitchel
309,Rath,Brooks
310,Schiller,Mckenzie
311,Ward,Keshawn
312,Lesch,Liana
313,Mosciski,Eino
314,Klein,Nayeli
315,Gulgowski,Cordelia
316,Vandervort,Kamron
317,Tillman,Erin
318,Frami,Candido
319,Ankunding,Kennedi
320,Christiansen,Shanel
321,Sporer,Ron
322,Lueilwitz,Stephanie
323,Hills,Michel
324,Wilkinson,Jamey
325,Raynor,Lauren
326,Steuber,Yoshiko
327,Dibbert,Opal
328,DuBuque,Sigrid
329,Stroman,Carmel
330,Carter,Heath
331,Kassulke,Elena
332,Bergnaum,Deonte
333,Stokes,Camylle
334,Larkin,Lilly
335,Schumm,Tierra
336,Schmeler,Justina
337,Terry,Stephania
338,Leuschke,Boyd
339,Koepp,Angelo
340,Hettinger,Reagan
341,Walter,Cooper
342,Bednar,Cleve
343,Hickle,Roderick
344,Rau,Wilson
345,Bernhard,Desiree
346,Reynolds,Emiliano
347,Mertz,Marshall
348,Schroeder,Michel
349,Schulist,Dortha
350,Corkery,Eli
351,Leannon,Vivian
352,Lind,Estell
353,Cassin,Kevon
354,Sauer,Davin
355,McDermott,Jaylan
356,Heaney,Berry
357,Kessler,Marisa
358,Stracke,Thalia
359,Rolfson,Josue
360,Wiegand,Bette
361,Bashirian,Rebeka
362,Hodkiewicz,Zackary
363,King,Linnea
364,McKenzie,Vito
365,Gleason,Wyman
366,Jerde,Kara
367,Ledner,Enrico
368,Franecki,Macy
369,Schmitt,Ayden
370,Rolfson,Delphine
371,O'Keefe,Robbie
372,Moore,Ebony
373,Spinka,Hilbert
374,Fadel,Wilton
375,Krajcik,Unique
376,Herman,Elta
377,Baumbach,Justina
378,Conn,Araceli
379,Reilly,Daryl
380,Hintz,Ruthie
381,Heller,Grant
382,Pagac,Kameron
383,Gleichner,Winona
384,Mills,Lenore
385,Bailey,Claudia
386,Beatty,Heather
387,Schmidt,Gregory
388,Hyatt,Evangeline
389,Nienow,Lance
390,Morissette,Luna
391,Bauch,Florence
392,Will,Flossie
393,Donnelly,Eveline
394,Blanda,Pat
395,Howe,Dion
396,Champlin,Otilia
397,Hintz,Nola
398,Pollich,Eldora
399,Carroll,Isidro
400,Romaguera,Vallie
401,Carter,Sydnie
402,Bechtelar,Loy
403,Auer,Emerson
404,Bergnaum,Emory
405,Sawayn,Sylvia
406,Heidenreich,Imelda
407,Swift,Santa
408,Tillman,Wilfrid
409,Gutkowski,Odessa
410,Kuvalis,Kristopher
411,Christiansen,Roy
412,Jast,Pink
413,Schowalter,Imelda
414,Gibson,Joana
415,Robel,Deborah
416,D'Amore,Lukas
417,Dickinson,Leland
418,Haley,Olin
419,Brekke,Janiya
420,Tillman,Candida
421,Robel,Milan
422,Klein,Ona
423,Kuphal,Kaleb
424,Durgan,Clotilde
425,Heller,Isac
426,Hill,Joel
427,Funk,Sasha
428,Veum,Glenna
429,Funk,Vivian
430,Nienow,Maida
431,Cummerata,Lilyan
432,McLaughlin,Nikki
433,Huels,Paris
434,Hudson,Fern
435,Wunsch,Bernadette
436,Waelchi,Mavis
437,Prohaska,Finn
438,Parisian,Alexander
439,Kutch,Lowell
440,Kemmer,Chyna
441,Hickle,Vincenza
442,Gerlach,Lisandro
443,Willms,Reyes
444,Schultz,Rhett
445,Abernathy,Obie
446,Rodriguez,Eric
447,Spinka,Stanley
448,Carroll,Christina
449,Zboncak,Milan
450,Wyman,Calista
451,Robel,Pierce
452,Lockman,Evelyn
453,Wilderman,Rosario
454,Watsica,Coralie
455,Leffler,Cruz
456,Rutherford,Wiley
457,O'Kon,Annabelle
458,Emard,Joelle
459,Zulauf,Selmer
460,Stiedemann,Jed
461,Botsford,Caterina
462,Jaskolski,Royce
463,Grady,Ismael
464,Schuster,Tessie
465,Paucek,America
466,Prosacco,Rosemary
467,Murphy,Hailee
468,Doyle,Nellie
469,Franecki,Flavio
470,Nitzsche,Floy
471,Champlin,Lindsay
472,Little,Donnell
473,Wintheiser,Clay
474,Mann,Kieran
475,Lynch,Letitia
476,Carter,Lamont
477,Kuvalis,Landen
478,Swift,Lenora
479,Flatley,Nona
480,Blanda,Bart
481,Gottlieb,Leola
482,Goyette,Abigail
483,Koch,Finn
484,Okuneva,Thalia
485,Monahan,Aglae
486,Kreiger,Stan
487,Schaden,Constance
488,Johnson,Kristian
489,Torp,Deonte
490,Fritsch,Camilla
491,Carter,Ivah
492,Brakus,Desmond
493,Veum,Demarcus
494,Hansen,Marion
495,Spencer,Michele
496,Marks,Fredrick
497,Welch,Maiya
498,Marks,Louie
499,Thiel,Casey
500,Schmitt,Mireille
501,Hoppe,Oswald
502,Christiansen,Cynthia
503,Schamberger,Conrad
504,Gleason,Shaina
505,Turcotte,Palma
506,Raynor,Emery
507,Thompson,Providenci
508,Oberbrunner,Gavin
509,Denesik,Bobby
510,Reynolds,Jany
511,Heaney,Adriel
512,Bogan,Mollie
513,Rau,Arch
514,Hane,Don
515,Jaskolski,Perry
516,Lang,Emmanuel
517,Ryan,Narciso
518,Gerlach,Judah
519,Langosh,Porter
520,Dare,Catharine
521,Funk,Bridget
522,Schuppe,Herminia
523,Nicolas,Edwina
524,Lemke,Ariel
525,Kiehn,Dayna
526,Hauck,Jakob
527,Torp,Art
528,Stoltenberg,Gertrude
529,Beier,Era
530,Fisher,Israel
531,Hauck,Eli
532,D'Amore,Toney
533,Collier,Amina
534,Johnston,Tyrique
535,Harber,Margaretta
536,Nitzsche,Florine
537,Spinka,Madalyn
538,Frami,Bill
539,O'Conner,Jayson
540,Prohaska,Clare
541,Moore,Jerod
542,Sipes,Omari
543,O'Connell,Dandre
544,Beier,Beau
545,Davis,Dennis
546,Quitzon,Jamey
547,Hayes,Tierra
548,Monahan,Justyn
549,Prohaska,Misael
550,O'Reilly,Jaron
551,Mills,Nathanial
552,Paucek,Eli
553,Pfeffer,Marley
554,O'Kon,Kendall
555,Hagenes,Nathan
556,Keebler,Emanuel
557,Volkman,Paul
558,Okuneva,Kendrick
559,Kessler,Danielle
560,Auer,Carlos
561,Morissette,Gregg
562,Volkman,Gladys
563,Schmitt,Dorothea
564,Dicki,Aurelia
565,Champlin,Davon
566,Schmidt,Chasity
567,Bergstrom,Liza
568,Frami,Daisy
569,Lowe,Maymie
570,Hane,Gussie
571,Kutch,Roslyn
572,Simonis,Shemar
573,Denesik,Ola
574,Wintheiser,Alexandro
575,Wilderman,Madisyn
576,Spinka,Marian
577,Fisher,Ibrahim
578,Konopelski,Jan
579,Graham,Bessie
580,Bogisich,Reuben
581,Hahn,Allison
582,Schuppe,Maeve
583,Greenfelder,Rowan
584,Haley,Destiny
585,Gibson,Erin
586,Bartoletti,Ezra
587,Daniel,Luis
588,Okuneva,Tevin
589,Hermiston,Eloy
590,Greenfelder,Shea
591,Prohaska,Pietro
592,Hand,Kallie
593,Schinner,Cale
594,Hamill,Alexandro
595,Bartell,Margarett
596,Sipes,Kristina
597,Kirlin,Jessica
598,Hartmann,Berniece
599,Orn,Jovany
600,Bogisich,Felix
601,Shanahan,Tracy
602,Bogisich,Nathanael
603,Braun,Ayana
604,Mohr,Earlene
605,Prohaska,Tito
606,Lubowitz,Elta
607,Reichel,Theodore
608,Fahey,Cornelius
609,Dach,Brock
610,Sauer,Paige
611,Roob,Aditya
612,Walsh,Elenora
613,Moen,Julio
614,Cole,Cordie
615,Kunze,Vilma
616,Ryan,Jaylen
617,Jacobi,Dominic
618,Hessel,Alvena
619,Gaylord,Jerrell
620,Russel,Meta
621,Kuhn,Rosetta
622,Bahringer,Santos
623,Considine,Porter
624,Bartoletti,Annabelle
625,O'Hara,Giovanna
626,Smitham,Mallie
627,Walter,Kamron
628,Rau,Ophelia
629,Larkin,Ben
630,Kulas,Jeff
631,Cummerata,Weston
632,O'Reilly,Moriah
633,Kunde,Kaci
634,Lemke,Dakota
635,Gislason,Jefferey
636,Green,Macy
637,Schowalter,Keenan
638,Rath,Esperanza
639,Okuneva,Alanna
640,Gerhold,Chris
641,Ebert,Shakira
642,Quitzon,Leif
643,Mitchell,Montana
644,Haley,Grover
645,Nicolas,Shanon
646,Ondricka,Verner
647,Stehr,Breanne
648,Hamill,Gerard
649,Mann,Xander
650,Simonis,Margot
651,Lang,Gordon
652,Hammes,Judson
653,Bradtke,Collin
654,Towne,Howard
655,Reichel,Elroy
656,Hermann,Lloyd
657,Cartwright,Rossie
658,Larson,Freddy
659,West,Florine
660,Kassulke,Rita
661,Hickle,Guiseppe
662,Kautzer,Edmund
663,White,Walton
664,Brekke,Jalon
665,Ledner,Daphne
666,Reichert,Kevon
667,Pfannerstill,Gordon
668,Wolff,Edgardo
669,Romaguera,Ettie
670,Bosco,Brad
671,Cruickshank,Ashleigh
672,Quitzon,Ophelia
673,Thompson,Tyra
674,Pouros,Demond
675,Olson,Daija
676,Bartoletti,Melody
677,Upton,Cassidy
678,Herzog,Jaida
679,Walter,Jude
680,Swaniawski,Isadore
681,Bernhard,Lilla
682,Hill,Madyson
683,McLaughlin,Makenzie
684,Torp,Chaz
685,Reichel,Cortez
686,McCullough,Urban
687,Mosciski,Amalia
688,Carroll,Cordie
689,Schoen,Maddison
690,Dietrich,Aaron
691,Carter,Hollie
692,Thiel,Gianni
693,Larkin,Frank
694,Hegmann,Priscilla
695,Herman,Justyn
696,Klocko,Tressa
697,Ernser,Daija
698,Klocko,Kenton
699,Dickinson,Ethan
700,Balistreri,Mariane
701,Parisian,Sarina
702,Baumbach,Grayce
703,Bogisich,Adalberto
704,Kulas,Zoila
705,Hessel,Amber
706,Kihn,Lonnie
707,Lemke,Audra
708,Schneider,Mia
709,Lang,Jadyn
710,Schaden,Aidan
711,Rohan,Garett
712,Braun,Jannie
713,King,Imani
714,VonRueden,Talon
715,Rau,Kaia
716,Weber,Jabari
717,Murray,Makenzie
718,Collins,Gerald
719,Johns,Rodger
720,Kihn,Cordell
721,Wehner,Eldora
722,Glover,Robyn
723,Hoppe,Deron
724,Ortiz,Rebeka
725,Yundt,Alberta
726,Monahan,Ofelia
727,Bradtke,Madie
728,Turcotte,Rodger
729,O'Hara,Theresia
730,McKenzie,Sibyl
731,Jakubowski,Armando
732,Johnson,Deontae
733,Goyette,Hazel
734,Ward,Raoul
735,Schmitt,Katrina
736,Casper,Alysson
737,Kirlin,Ivory
738,DuBuque,Jeramy
739,Hayes,Laurine
740,Kunze,Lina
741,Ruecker,Viva
742,Schulist,Leila
743,Murphy,Demarco
744,Kassulke,Lindsay
745,Homenick,Wellington
746,Schroeder,Francesco
747,Leuschke,Karl
748,Thompson,Elena
749,Greenfelder,Louie
750,Wilkinson,Imelda
751,Herman,Charity
752,Huel,Lazaro
753,Krajcik,Wilfredo
754,Eichmann,Khalid
755,Keebler,Ezra
756,Effertz,Madelynn
757,Predovic,Brady
758,Kirlin,Kellie
759,Pacocha,Rickey
760,Cummings,Merritt
761,Sauer,Elenor
762,Kilback,Moshe
763,Hudson,Clara
764,Davis,Noah
765,Torphy,Coralie
766,Walker,Mylene
767,Rau,William
768,Legros,Gerald
769,Fisher,Trystan
770,Kulas,Morris
771,Beahan,Violet
772,Kohler,Josie
773,Cremin,Mireille
774,Williamson,Marisa
775,Torp,Jordi
776,Rosenbaum,Libby
777,Gislason,Kayli
778,Goldner,Drew
779,Heaney,Rosalyn
780,Gusikowski,Adaline
781,Collins,Dixie
782,Greenholt,London
783,Hermann,Vilma
784,Marks,Hellen
785,Walter,Yazmin
786,Boyle,Arden
787,Mann,Jayme
788,Jakubowski,Trevor
789,Schaden,Hunter
790,Tremblay,Susanna
791,Hamill,Katrina
792,Dickens,Mathilde
793,Schulist,Yolanda
794,Dach,Emerald
795,Carroll,Vanessa
796,Shanahan,Madalyn
797,Murray,Kamron
798,Waters,Maribel
799,Stanton,Marielle
800,Yundt,Dewitt
801,Sipes,Kiera
802,Reilly,Jerad
803,Feil,Augustine
804,Friesen,Kaleigh
805,Farrell,Kacey
806,Goyette,Manley
807,Tromp,Ursula
808,Kessler,Pierce
809,Gulgowski,Susie
810,Tillman,Naomi
811,Strosin,Keon
812,Friesen,Lue
813,Schroeder,Lester
814,Kovacek,Jeffrey
815,Hartmann,Tod
816,Kerluke,Zita
817,Blanda,Wilfredo
818,Langworth,Kenny
819,Ward,Danial
820,Beier,Donnell
821,Olson,Elisabeth
822,Goodwin,Araceli
823,Baumbach,Godfrey
824,Kuphal,Brooklyn
825,Greenfelder,Margarita
826,Kreiger,Mabelle
827,Weimann,Jesse
828,Homenick,Missouri
829,Kozey,Devonte
830,Bergstrom,Devon
831,Senger,Zetta
832,Hettinger,Randall
833,Ernser,Shane
834,Weissnat,Sienna
835,Cremin,Maia
836,Maggio,Lon
837,Daniel,Eryn
838,Conn,Newton
839,O'Hara,Maximilian
840,Rolfson,Adeline
841,Oberbrunner,Adella
842,Cassin,Claude
843,Vandervort,Hellen
844,Swift,Kassandra
845,Simonis,Ova
846,Beatty,Destiny
847,Terry,Dakota
848,Mayert,Ariel
849,Rice,Jamal
850,Prohaska,Trevor
851,Simonis,Jalyn
852,Keeling,Harmon
853,Wunsch,Lily
854,Rolfson,Shanon
855,Gislason,Kraig
856,Rice,Elnora
857,Stehr,Judson
858,Hettinger,Yazmin
859,Mraz,Casandra
860,Christiansen,Hettie
861,Durgan,Elenora
862,Barrows,Maximilian
863,Spinka,Jaida
864,Harvey,Mose
865,Larson,Eldridge
866,Murray,Jacquelyn
867,Jones,Morris
868,Heaney,Clark
869,Kuphal,Linwood
870,Schroeder,Erin
871,Osinski,Faustino
872,Hyatt,Pasquale
873,Renner,Stevie
874,Mayer,Therese
875,Hoeger,Karolann
876,Collins,Tomas
877,Mueller,Justina
878,Stiedemann,Toney
879,Hyatt,Giuseppe
880,Bode,Briana
881,Wisoky,Delfina
882,Reichert,Desmond
883,Hill,Junius
884,Steuber,Payton
885,Crist,Heber
886,Towne,Jamaal
887,Crona,Marianna
888,Hyatt,Mariela
889,Feil,Meagan
890,Spencer,Israel
891,Reichel,Isai
892,O'Connell,Clementine
893,Nolan,Edythe
894,Mraz,Jany
895,Schiller,Max
896,Mohr,Clifton
897,Okuneva,Davon
898,Macejkovic,Wilson
899,Kertzmann,Gregg
900,Hessel,Danyka
901,McGlynn,Boyd
902,Rogahn,Alek
903,Goldner,Naomi
904,Hegmann,Morris
905,Stracke,Heather
906,Hamill,Gavin
907,Walker,Camron
908,O'Conner,Rebeka
909,Hegmann,Adriana
910,Wilderman,Asha
911,Pfannerstill,Savanna
912,Medhurst,Cheyenne
913,Tromp,Jordy
914,Balistreri,Chandler
915,Muller,Wilhelmine
916,Miller,Geovanni
917,Steuber,Mertie
918,Johnston,Randal
919,Doyle,Lionel
920,O'Reilly,Garnett
921,Funk,Jasen
922,Bergstrom,Joyce
923,Graham,Everett
924,Hermann,Korbin
925,VonRueden,Zella
926,Bosco,Gregoria
927,Legros,Ari
928,Wuckert,Cleo
929,Konopelski,Ray
930,Streich,Damion
931,Gibson,Vincenzo
932,Mohr,Gardner
933,Bednar,Consuelo
934,Schroeder,Ashlynn
935,Weissnat,Reilly
936,Smitham,Jerrold
937,King,Ericka
938,Tromp,Wilfredo
939,Koch,Fiona
940,Ledner,Khalil
941,Lindgren,Adelle
942,Bailey,Caleb
943,Rodriguez,Alexandre
944,Connelly,Maritza
945,Keebler,Chesley
946,Oberbrunner,Estel
947,Jenkins,Nash
948,Lubowitz,Melba
949,Bergstrom,Manuel
950,Vandervort,Clark
951,Hane,Imelda
952,Runte,Aiyana
953,Fadel,Tania
954,Dooley,Jannie
955,VonRueden,Kaycee
956,Ziemann,Rhea
957,Hackett,Trent
958,Robel,Willow
959,Abbott,Alberta
960,Howell,Cloyd
961,Ankunding,Deion
962,Sawayn,Mireya
963,Dach,Lorine
964,DuBuque,Stuart
965,Tromp,Jerry
966,Hagenes,Tyree
967,Langosh,Josephine
968,Bradtke,Gaetano
969,Hauck,Isidro
970,Willms,Zander
971,Daugherty,Jessica
972,Mitchell,Lupe
973,Smith,Laron
974,Gibson,Tyrese
975,Bode,Margarete
976,Kshlerin,Ewell
977,Cole,Alta
978,Hudson,Jaylen
979,Witting,Timothy
980,Thiel,Gisselle
981,Terry,Fay
982,Kirlin,Sophia
983,Kozey,Raquel
984,Kirlin,Christelle
985,Vandervort,Bartholome
986,Ratke,Bernadine
987,Sporer,Elijah
988,Reynolds,Titus
989,Botsford,Theron
990,Collins,Flavie
991,Wilderman,Selmer
992,Raynor,Lamont
993,Kovacek,Javonte
994,Legros,Zola
995,Douglas,Eileen
996,Mraz,Donna
997,Quitzon,Mercedes
998,Pouros,Sallie
999,Wyman,Lambert
1000,Botsford,Jakob
