id,name
1,Rubye Lowe
2,Elza Windler
3,Fae Leannon
4,Alford Stoltenberg
5,Ibrahim Hammes
6,Jeremy Osinski
7,Timmy Bosco
8,Elna Labadie
9,Samantha Jast
10,Laury Lehner
11,Kristian Medhurst
12,Kenton Rutherford
13,Shanna Langosh
14,Liza Emmerich
15,Delores Zieme
16,Christopher Wintheiser
17,Hal Kautzer
18,Zoila Kris
19,Angel Schuster
20,Kelsie Littel
21,Keith Bode
22,Mikel Harvey
23,Florencio Rippin
24,Macy Gutmann
25,Amelia Gulgowski
26,Carole Luettgen
27,Elwin Predovic
28,Ariane Ernser
29,Tyrell Ledner
30,Marielle Harris
31,Miller Kerluke
32,Rickie Sipes
33,Waylon Kling
34,Justus Padberg
35,Thomas Kassulke
36,Donnie Larkin
37,Samara Reynolds
38,Berneice McGlynn
39,Chaya Hintz
40,Ottilie Swift
41,Myrtie Wyman
42,Rolando Grady
43,Rosalia Orn
44,Eula Champlin
45,London Kunze
46,Federico Turner
47,Syble Breitenberg
48,Vena Fadel
49,Makenzie Hahn
50,Brown Kirlin
51,Dina Welch
52,Beryl Feest
53,Icie Carter
54,Terrence Johnson
55,Josh O'Hara
56,Kassandra Robel
57,Ellis Mertz
58,Christop Purdy
59,Clemens Orn
60,Adolf Grant
61,Arvilla Hauck
62,Jessie DuBuque
63,Kristin Langworth
64,Davonte Botsford
65,Elbert Buckridge
66,Jaunita Auer
67,Magdalena Nicolas
68,Davon Hamill
69,Ramiro Prosacco
70,Erin Rogahn
71,Amalia Keeling
72,Kamren Mitchell
73,Lelia Gulgowski
74,Gertrude Beier
75,Mazie Schiller
76,Dora Turner
77,Sydni Walker
78,Emie Hermiston
79,Rosina Fay
80,Macy Lehner
81,Sibyl Johnson
82,Enoch Corwin
83,Orval Roberts
84,Chelsea Hartmann
85,Ericka Waelchi
86,Abe Huels
87,Gilbert Kemmer
88,Lottie Rice
89,Cristopher Johnston
90,Thora Ledner
91,Kiara Koch
92,Milo Quigley
93,Moses Fadel
94,Davin Harber
95,Tomasa Ebert
96,Jeffry Murphy
97,Brandt Crooks
98,Presley Ziemann
99,Simone Gibson
100,Raheem Marvin
101,Heber Kreiger
102,Ida Hessel
103,Erling Kuhic
104,Demetrius Lueilwitz
105,Monty Bruen
106,Lionel Kilback
107,Roy Bahringer
108,Lexie Daniel
109,Anita Bernhard
110,Cade Olson
111,Dameon Buckridge
112,Clemmie Harber
113,Earl Pouros
114,Matt Stanton
115,Mallory Moen
116,Marianne Herzog
117,Orval Lesch
118,Ephraim Stark
119,Vicky Volkman
120,Laverna Bayer
121,Cristopher Pagac
122,Barry Jakubowski
123,Frederick Rodriguez
124,Trinity Moen
125,Jalen Bosco
126,Abigale Sporer
127,Rusty Denesik
128,Selina Rippin
129,Trace Walter
130,Gino Roob
131,Haleigh Carroll
132,Mathilde McDermott
133,Jefferey Johns
134,Jaiden Turcotte
135,Saul Hegmann
136,Darrick Koelpin
137,Josephine Langosh
138,Pearlie Armstrong
139,Bernie Strosin
140,Monserrate Witting
141,Rozella Daniel
142,Shayna Fadel
143,Austin Gaylord
144,Braden Cronin
145,Kayden Balistreri
146,Gaylord Koepp
147,Emiliano Gerhold
148,Cassandre D'Amore
149,Skylar Huel
150,Keven Zulauf
151,Alvina Schoen
152,Mikayla Brown
153,Cynthia Friesen
154,Isaiah Muller
155,Ernesto Hyatt
156,Brock Hills
157,Edison Wisoky
158,Alex Bednar
159,Margarette Schuppe
160,Hertha Wilkinson
161,Roel Mills
162,Ellsworth Larkin
163,Johnathon King
164,Aisha Medhurst
165,Edmond Schulist
166,Koby Prohaska
167,Monty Ferry
168,Reva Ziemann
169,Lillie Kreiger
170,Pansy Towne
171,Jodie Hackett
172,Lydia Jacobson
173,Julius Feest
174,Reid Flatley
175,Tremaine Abshire
176,Erika Ankunding
177,Maryjane Waelchi
178,Timmy Brekke
179,Kelvin Kassulke
180,Myriam Ward
181,Rosalyn Hodkiewicz
182,Cornell Boyer
183,Carroll Paucek
184,Ray Lindgren
185,Nina Rowe
186,Jordi Connelly
187,Eduardo Shanahan
188,Shaina Mayert
189,Richie Prohaska
190,Stephania Kub
191,Una Olson
192,Orval Funk
193,Isabell Pfeffer
194,Brandyn Hyatt
195,Wilfrid O'Keefe
196,Boris Bernhard
197,Javier Lehner
198,Jed Prosacco
199,Clarabelle Lemke
200,Gilda Goodwin
201,Domenico Lind
202,Nolan Prohaska
203,Leonor Schuster
204,Zaria Lakin
205,Maryam West
206,Cruz Littel
207,Saige Reilly
208,Tristian Sawayn
209,Kaci Vandervort
210,Princess Pfannerstill
211,Julio Hauck
212,Dale Bailey
213,Colton Harber
214,Darrel Crist
215,Ally Keebler
216,Angelina Rath
217,Judd Donnelly
218,Camylle Schmeler
219,Ward Mohr
220,Blanche Witting
221,Friedrich Purdy
222,Odessa Streich
223,Kathleen Towne
224,Mac Olson
225,Sincere Glover
226,Gayle Brakus
227,Amelie Bosco
228,Emory Christiansen
229,Gregorio Hoeger
230,Victor Hirthe
231,David Pollich
232,Esteban Johnston
233,Warren Haag
234,Keshawn Feeney
235,Ebba Collier
236,Alysa Keeling
237,Joey Beahan
238,Alvena Herman
239,Norris Kulas
240,Isabel O'Hara
241,Carolyn Feil
242,Maida Douglas
243,Griffin Hodkiewicz
244,Jaida Welch
245,Javonte Streich
246,Fleta DuBuque
247,Francesco Schuster
248,Hubert Orn
249,Vicente Oberbrunner
250,Benedict Hermann
251,Vena Larkin
252,Roselyn Wiegand
253,Rosalee Braun
254,Fletcher Gerhold
255,Wilma Legros
256,Judy Borer
257,Duane Corkery
258,Leonel Smitham
259,Ernestine Hilll
260,Donato Wolf
261,Lue Hills
262,Tyrese D'Amore
263,Garfield Hermann
264,Bethel Koch
265,Lonnie Lind
266,Frankie Collins
267,Lane Cartwright
268,Leila Reilly
269,Bertha Russel
270,Vince Gulgowski
271,Hiram Leuschke
272,Elody Stiedemann
273,Alek Herzog
274,Melany Runolfsson
275,Tod Blanda
276,Bartholome Lesch
277,Arno Harvey
278,Myles Abshire
279,Gonzalo Little
280,Carol Boyle
281,Wendy Hills
282,Santina Okuneva
283,Della Armstrong
284,Jadon Witting
285,Chaz Ryan
286,Alexie Ruecker
287,Clyde Feest
288,Raina Heidenreich
289,Stella Boyle
290,Jude Klein
291,Kenyon Cartwright
292,Buddy Vandervort
293,Alden Considine
294,Joanne Jast
295,Sheila Ferry
296,Kali Gislason
297,Bradley Braun
298,Reva Kub
299,Felipe Dibbert
300,Lourdes Mante
301,Alda Spencer
302,Monserrate Halvorson
303,Kacie Harris
304,Akeem Zemlak
305,Daphney Jacobs
306,Omer Lueilwitz
307,Brandt Walker
308,Adam Beahan
309,Jesse Kohler
310,Ismael Spencer
311,Sonya Stracke
312,Kareem Harris
313,Jamarcus Hammes
314,Lera Crist
315,Saul Kuhic
316,Darion Little
317,Raheem Wisozk
318,Enrique Zieme
319,Miles Beier
320,Weldon Bailey
321,Wayne Shanahan
322,Eileen Schowalter
323,Newton Prohaska
324,Cristian Frami
325,Anderson Schuster
326,Whitney Hodkiewicz
327,Santiago Price
328,Sherman Bruen
329,Aubree Schuster
330,Titus Little
331,Effie Kozey
332,Beth Nitzsche
333,Monroe Sauer
334,Vada Schamberger
335,Estel Bosco
336,Althea Schiller
337,Theron Graham
338,Carissa Beier
339,Stone Renner
340,Mossie Hoeger
341,Deven Effertz
342,Blanca Mante
343,Isobel Metz
344,Bennie Feil
345,Michale Braun
346,Aliya Howell
347,Dennis Herzog
348,Emilie Hermiston
349,Lempi Parisian
350,Malvina Grady
351,Kaleigh Schuster
352,Lupe Will
353,Berenice Crist
354,Rafaela Sanford
355,Trevion Halvorson
356,Perry Cartwright
357,Nathan Will
358,Zola Franecki
359,Cathrine Dietrich
360,Kaden Rosenbaum
361,Lera Mayer
362,Arnold Ankunding
363,Donnell Considine
364,Giles Beahan
365,Bernita Renner
366,Stan Streich
367,Lenny Maggio
368,Jaquan Ritchie
369,Jordyn Osinski
370,Kylie Watsica
371,Leilani Heller
372,Arnoldo Stracke
373,Colt Botsford
374,Moses Raynor
375,Zoey Volkman
376,Ryann Bailey
377,Waldo Heidenreich
378,Jamison Stiedemann
379,Myrl Emard
380,Eulalia Prohaska
381,Donavon Abbott
382,Stanley Jacobi
383,Krista Miller
384,John Lang
385,Shea Gleichner
386,Dewayne Upton
387,Lilian O'Reilly
388,Lonnie Huel
389,Jonathon Gleason
390,Stuart Conroy
391,Santino Bergstrom
392,Barry Mraz
393,Magnolia Wilderman
394,Thad Stracke
395,Garfield Johnston
396,Consuelo Kassulke
397,Carmella Borer
398,Gerda Wunsch
399,Saige Boehm
400,Jedediah Macejkovic
401,Maya Rath
402,Layne Renner
403,Dallas Kerluke
404,Misty Stehr
405,Magnus Little
406,Trisha Jenkins
407,Corbin Turcotte
408,Elaina Daugherty
409,Darwin Blanda
410,Rosalee Heaney
411,Chris Jacobi
412,Elsa Kohler
413,Merritt Reichert
414,Lori Schuster
415,Liliana Bartell
416,Aisha Romaguera
417,Rosa Dicki
418,Emmitt Wuckert
419,Jordane Zboncak
420,Jaida Kautzer
421,Sherman Hane
422,Pearline Schowalter
423,Chaya Herzog
424,Henderson Armstrong
425,Lucile Balistreri
426,Kevin Lynch
427,Demetris Stehr
428,Hailie Renner
429,Gerard Strosin
430,Madelyn Bauch
431,Hilma Thiel
432,Freida Kunze
433,Carlotta Herman
434,Vincent Botsford
435,Keyshawn Lubowitz
436,Frederick Auer
437,Tierra O'Connell
438,Joanny Hudson
439,Leonardo Lesch
440,Sheila Gleason
441,Ettie Monahan
442,Solon Kilback
443,Johann Boyle
444,Raleigh Effertz
445,Kareem Conroy
446,Mikel Pagac
447,Quinten Bernhard
448,Rogers Ondricka
449,Shaylee Waelchi
450,Herta Medhurst
451,Godfrey Bradtke
452,Gladys Gorczany
453,Bonita Gleichner
454,Monica Blanda
455,Eladio Smitham
456,Jeff Luettgen
457,Bernie Eichmann
458,Katelyn Gorczany
459,Percival Cassin
460,Donavon Gutmann
461,Waldo Batz
462,Candace Daniel
463,Missouri Mosciski
464,Zola Bernhard
465,Mose Bartoletti
466,Bert Mosciski
467,Parker Heller
468,Arturo Schinner
469,Gussie Kiehn
470,Ally Howe
471,Dixie Brakus
472,Donnie Daniel
473,Bill Green
474,Krystel Goodwin
475,Kaya Luettgen
476,Danyka Walter
477,Kailyn Effertz
478,Natasha Schimmel
479,Golden Veum
480,Jarred Wolff
481,Irma Toy
482,Erling Quitzon
483,Vernice McKenzie
484,Chase Herzog
485,Valentina Stokes
486,Dillon Senger
487,Sienna Cruickshank
488,Irma Schoen
489,Joe Wiegand
490,Holden Kerluke
491,Shea Emard
492,Julius Weissnat
493,Erin Johnson
494,Maurice Champlin
495,Malachi Jenkins
496,Yesenia Kunde
497,Vito Greenholt
498,Antonio Roob
499,Macey O'Reilly
500,Davon Nitzsche
501,Taylor Weissnat
502,Georgianna Wiegand
503,Keyon Ruecker
504,Lesley Fisher
505,Brook Emard
506,Granville Upton
507,Christian Zieme
508,Cydney Streich
509,Claud Ryan
510,Benton Hagenes
511,Leola Strosin
512,Randal Rodriguez
513,Jalon Schuster
514,Skylar Tillman
515,Herbert Rolfson
516,Effie Maggio
517,Vicente Ratke
518,Luisa Schmeler
519,Lexi Cassin
520,Wilhelm Kassulke
521,Cesar Quigley
522,Angelina Cassin
523,Shaylee Greenfelder
524,Winona Dickinson
525,Lila Price
526,Octavia Leffler
527,Justina Ortiz
528,Mervin Wolf
529,Tyrese Stracke
530,Coby Reilly
531,Janet Johnston
532,Hilda Willms
533,Landen Kris
534,Sandrine Shanahan
535,Chaz Sauer
536,Cedrick Maggio
537,Trycia Kub
538,Jaqueline Stanton
539,Gaston Cruickshank
540,Diamond Powlowski
541,Uriel Huels
542,Mekhi Kozey
543,Weldon Schmidt
544,Shaniya Labadie
545,Giuseppe Mueller
546,Johanna Kihn
547,Stone Schuppe
548,Dereck Olson
549,Jerald Bernier
550,Mertie Runolfsson
551,Noble O'Kon
552,Leonel Rippin
553,Maurine Oberbrunner
554,Addison Borer
555,Imani Huel
556,Isai Walsh
557,Brennon Hessel
558,Aurore Treutel
559,Brady Prohaska
560,Ashlynn Satterfield
561,Ellis Wunsch
562,Roberto Langosh
563,Lenore Ferry
564,Keven Schinner
565,Vance McDermott
566,Clementine Schmitt
567,Russ Orn
568,Mariah Purdy
569,Keshaun Bernier
570,Rita Kerluke
571,Evangeline Larkin
572,Zaria Brekke
573,Alfonzo Hintz
574,Crawford Rau
575,Max Kerluke
576,Myrl Leannon
577,Andres Hickle
578,Anjali Dicki
579,Geovanny Cormier
580,Juliet Jenkins
581,Trudie Homenick
582,Ubaldo Greenfelder
583,Hailey Gottlieb
584,Courtney Kuhic
585,Tyrell Grady
586,Leora Ebert
587,Shakira Schinner
588,Forrest Heathcote
589,Ralph Koelpin
590,Alysson Weimann
591,Vena Weissnat
592,Art Beatty
593,Kaelyn Beatty
594,Lorna Jacobs
595,Simone Leffler
596,Abby Wolf
597,Sammie Murray
598,Noah Wolff
599,Chelsea Altenwerth
600,Madisyn Reinger
601,Alessia Bechtelar
602,Eulah Hackett
603,Mossie Murphy
604,Ferne Abshire
605,Eladio Schowalter
606,Adalberto Volkman
607,Graciela Littel
608,Larry Jacobson
609,Mittie Abernathy
610,Hester Kling
611,Johann Moore
612,Jazmin Bauch
613,Stefanie Russel
614,Jaylen Zieme
615,Sherwood Jakubowski
616,Elna Prohaska
617,Adele Muller
618,Natalia VonRueden
619,Lillie Denesik
620,Kenneth Gutkowski
621,Alejandrin Schulist
622,Brooklyn Herman
623,Leo Howe
624,Jameson Kunde
625,Dessie Haag
626,Syble Weber
627,Addison Wilderman
628,Rylee Halvorson
629,Lilla Gaylord
630,Asia Keebler
631,Kyra O'Hara
632,Jaylon Hilll
633,Earl Johnston
634,Stanton Wuckert
635,Maymie Koelpin
636,Elnora Keebler
637,Aubrey Kris
638,Dashawn Hane
639,Leanna Marvin
640,Roberto Frami
641,Liana Russel
642,Delpha Goodwin
643,Maudie McKenzie
644,Beulah Hermann
645,Rosella Moore
646,Ulices Kshlerin
647,Van O'Conner
648,Howell Hilpert
649,Emelie Collier
650,Jacquelyn Stokes
651,Terrell Borer
652,Ursula Konopelski
653,Durward Ondricka
654,Sam Bosco
655,Lila Mayert
656,Wilfrid Hilpert
657,Tania Hickle
658,Darren Barrows
659,Kaitlyn Corkery
660,Sammie Kris
661,Janessa Rau
662,Tiara Labadie
663,Jose Herzog
664,Gustave Kuphal
665,Sage Auer
666,Gerson Predovic
667,Annabelle Bednar
668,Clark Labadie
669,Audra Nolan
670,Zena Dach
671,Dustin Pfannerstill
672,Paris Friesen
673,Gaetano Reynolds
674,Kaley Gorczany
675,Desmond Keebler
676,Evangeline Fahey
677,Elinore Cremin
678,Alexzander Strosin
679,Sterling Johns
680,Gay Ryan
681,Bernardo Wiegand
682,Catharine Lebsack
683,Jamie Boehm
684,Austyn Hilpert
685,Kim Corwin
686,Grayce Marks
687,Arvilla Johnston
688,Ramiro Toy
689,Ivory Beier
690,Herminia Wisozk
691,Samantha Beier
692,Braeden Leuschke
693,Roel Bauch
694,Marcelina Simonis
695,Herminia Hagenes
696,Mozell Kuhlman
697,Ressie Kemmer
698,Ellen Roob
699,Hortense Bashirian
700,Edyth Conn
701,Cale Cruickshank
702,Skylar Mills
703,Syble Reynolds
704,Abelardo Ritchie
705,Gladys Lowe
706,Clinton Gerlach
707,Queen Paucek
708,Fidel Kozey
709,Benton McCullough
710,Douglas Torphy
711,Raleigh Collins
712,Roxanne Kozey
713,Daisha Schowalter
714,John Hane
715,Zane McKenzie
716,Spencer Witting
717,Grady Cole
718,Jayme Luettgen
719,Robin Armstrong
720,Willa Purdy
721,Manley Lang
722,Jaren Heaney
723,Dorian Steuber
724,Juliet Cole
725,Marlon Abbott
726,Mariam Pfeffer
727,Donald Wilderman
728,Nova Swift
729,Jovan Bechtelar
730,Roderick Lockman
731,Sarina Stamm
732,Clark Zulauf
733,Keon Mohr
734,Dante Konopelski
735,Isidro Konopelski
736,Dwight Luettgen
737,Jerod Connelly
738,Glenda Greenholt
739,Malika Littel
740,Bettye Monahan
741,Alexys Torp
742,Clara Barrows
743,Taryn Casper
744,Joan Huel
745,Jacques Keebler
746,Ciara Rogahn
747,Trevor Lowe
748,Jamey Schmeler
749,Pinkie Abbott
750,Axel Waelchi
751,Brandt Mills
752,Martine Harber
753,Favian Nienow
754,Randi Keeling
755,Danny Donnelly
756,Reagan Bednar
757,Daphnee Lesch
758,Annalise Romaguera
759,Karlie Connelly
760,Mariano Lynch
761,Maybell Kreiger
762,Ward Johnson
763,Joseph Schmidt
764,Dorian Johns
765,Susana Gleason
766,Miguel Langworth
767,Buddy Lueilwitz
768,Manley Hackett
769,Reggie Ankunding
770,Bella Stracke
771,Filomena Hand
772,Joaquin Lowe
773,Royce Brown
774,Ardith Spinka
775,Alphonso Gutmann
776,Darby Parisian
777,Mayra Baumbach
778,Adrianna Streich
779,Raina Hilll
780,Skylar Konopelski
781,Jordon Brown
782,Maximo Stoltenberg
783,Layne Walsh
784,Hiram Gislason
785,Kailee Cormier
786,Rocky Feest
787,Kennith Grant
788,Elwin O'Connell
789,Clarabelle Corkery
790,Hunter Wiza
791,Rosemary Tremblay
792,Therese Lueilwitz
793,Lydia Carter
794,Eve Howe
795,Kyleigh Harber
796,Estrella Ullrich
797,Minnie Stanton
798,Carolyn Gutmann
799,Rowan Murazik
800,Josephine Hirthe
801,Constantin Dibbert
802,Amira Schinner
803,Kristina Mills
804,Arlene Schamberger
805,Osbaldo Howell
806,Juston Wisozk
807,Aylin Murray
808,Jessie Franecki
809,Carmella Schulist
810,Layla Bashirian
811,Cecile Schuster
812,Pauline Carroll
813,Kristofer Stark
814,Marc Roberts
815,Ella Moen
816,Otis Torphy
817,Ursula Kuhlman
818,Lizeth Stroman
819,Soledad Mueller
820,Sebastian Hagenes
821,Jeffrey Little
822,Laura Howell
823,Dock Shanahan
824,Nona Carroll
825,Dominique Kilback
826,Bell Wehner
827,Arch Schultz
828,Delmer Beatty
829,Doris Smitham
830,Kaycee King
831,Alexane Rogahn
832,Maribel Waelchi
833,Winfield Gutkowski
834,Roberto Bashirian
835,Darrel Streich
836,Fermin Kub
837,Adonis Reichel
838,Kelly Conn
839,Elliot Cormier
840,Eduardo Wilderman
841,Laney Price
842,Name Bahringer
843,Zola Dooley
844,Macey Mraz
845,Mable Kuhn
846,Shirley Wehner
847,Gaston Heller
848,Maynard Corkery
849,Gust Auer
850,Javon Rice
851,Kyle O'Keefe
852,Mona Stoltenberg
853,Amani Fisher
854,Merl Davis
855,Ophelia Becker
856,Bernie Aufderhar
857,Adah Kunze
858,Emmanuelle Feil
859,Norbert Orn
860,Delmer Cummerata
861,Darrin Wunsch
862,Leo Kirlin
863,Anibal Heller
864,Samson Stark
865,Jakob Dickinson
866,Hattie Waelchi
867,Jefferey Murray
868,Vicky Kub
869,Derick Breitenberg
870,Mafalda Langworth
871,Meghan O'Hara
872,Sylvia Larkin
873,Rhea Huel
874,Adonis Predovic
875,Alayna Gleichner
876,Emmanuelle Brekke
877,Brett Boyle
878,Geovanni Shields
879,Thad Sauer
880,Carleton Reynolds
881,Oceane Hahn
882,Roxane Nitzsche
883,Jameson Streich
884,Jody Carroll
885,Arden Torp
886,Libbie Koch
887,Vivianne Sawayn
888,Virginia Klocko
889,Henri Gaylord
890,Pattie Christiansen
891,Ellis Connelly
892,Eleanore Bailey
893,Katrine Spencer
894,Ruby Murray
895,Mariah Mills
896,Gerson Spencer
897,Harry Marks
898,Jeffry DuBuque
899,Francisco Gulgowski
900,Marge Reilly
901,Dustin Maggio
902,Jimmy Douglas
903,Shanie Frami
904,Mortimer Hamill
905,Grant Skiles
906,Rowland Haag
907,Frederick Torphy
908,Grant Bosco
909,Telly Osinski
910,Gilberto Will
911,Ross D'Amore
912,Peyton Wuckert
913,Mitchell Nikolaus
914,Nestor Erdman
915,Tamia Carter
916,Vaughn Tremblay
917,Stephan Hahn
918,Charlene Hayes
919,Eriberto Metz
920,Catalina Mosciski
921,Alvena Halvorson
922,Bernardo Armstrong
923,Otilia Hodkiewicz
924,Adalberto Boyle
925,Nikko Lehner
926,Jules Emmerich
927,Efrain Kutch
928,Bernhard Miller
929,Kaia Howell
930,Kaleb Dibbert
931,Weldon D'Amore
932,Tracey Cremin
933,Jovanny Feeney
934,Tavares DuBuque
935,Prudence Runolfsdottir
936,Immanuel Feil
937,Hal Schuster
938,Dannie Herzog
939,Angie Volkman
940,Meda Kshlerin
941,Kayden Blanda
942,Jevon Lueilwitz
943,Maybelle Moore
944,Floyd Cruickshank
945,Linda Funk
946,Terrill Rempel
947,Lazaro Schinner
948,Janick Klein
949,Tyree Langosh
950,Modesta Macejkovic
951,Evie Torphy
952,Floy Boyle
953,Maud Emard
954,Jade Carter
955,Jason Heller
956,Horacio Brakus
957,Dock Nitzsche
958,Audie Rohan
959,Ted Kulas
960,Damion Dibbert
961,Breanna Altenwerth
962,Yoshiko Bailey
963,Donna Runolfsdottir
964,Rodrick Gutmann
965,Noe Bergstrom
966,Pearl O'Keefe
967,Celestine Schumm
968,Raquel Barton
969,Tiana Lemke
970,Brenna Spencer
971,Carmine Wisoky
972,Jarvis Kunze
973,Hulda Hamill
974,Russell Torp
975,Hunter Crooks
976,Waino Lakin
977,Delfina Kilback
978,Tomasa Casper
979,Percy Daniel
980,Dax Ward
981,Carlo Herman
982,Moshe Hills
983,Luther Trantow
984,Winnifred Feeney
985,Zion Mohr
986,Carlos Shanahan
987,Immanuel Feil
988,Chadrick Gibson
989,Jewell Runte
990,Raul Conroy
991,Timmy Greenholt
992,Edgardo Borer
993,Kayli Bayer
994,Zachery Schneider
995,Cristian Prosacco
996,Ana Kuhn
997,Mitchell Little
998,Carmel Casper
999,Allene Beahan
1000,Katheryn Wehner
