last_name,first_name,phone_number
Wiegand,Ephraim,526-193-0139
Hahn,Zora,525.396.5836
Steuber,Lewis,379.448.8598
Roberts,Keven,166-617-4236
Hirthe,Noemi,493-468-5927
Glover,Oliver,333.955.4800
Cronin,Leatha,376.606.8627
Schmidt,Corrine,496.760.3432
Kerluke,Durward,409.851.8071
Herman,Tremayne,872-553-8917
Green,Mara,630-267-1052
Christiansen,Chaya,941-495-4793
Lang,Marge,526.734.7979
Beatty,Krystina,905-696-3412
Bosco,Sally,548-028-5649
Wolff,Courtney,507-334-7312
Heathcote,Ayden,506-085-5865
Conroy,Adelle,694.491.5287
Bergstrom,Lucy,936.989.4145
Wisoky,Durward,593.362.3530
Schroeder,Reba,227-305-7686
Carter,Jadyn,277-772-8925
Mohr,Avis,168.828.8566
Hyatt,Eriberto,373-801-9411
Parker,Craig,716-133-3210
Schaden,Dante,219.183.1263
Stiedemann,Lourdes,472.849.5897
Ullrich,Jimmie,860.630.4070
Beahan,Ursula,859-471-8975
Jaskolski,Omer,824.837.0444
Ward,Malcolm,814-255-7019
Cormier,Jordon,163.692.4915
Lakin,Macey,654-606-4690
Rosenbaum,Montana,795-772-8273
Trantow,Alta,331.042.6313
Corkery,Roger,233.377.1860
DuBuque,Mustafa,296-270-8528
Runolfsdottir,Eden,122.936.9340
Donnelly,Shaniya,219.994.1763
Rutherford,Princess,930.722.6416
Huels,Jace,519.884.8032
Lowe,Myles,256-318-5884
Hansen,Bret,476.744.1352
Bruen,Jorge,216-436-2209
Kessler,Reinhold,580-111-2303
Jones,Bernardo,591-741-2752
Mertz,Emmanuel,332-882-5812
Kertzmann,Mazie,591-740-8737
Donnelly,Clyde,124-748-2092
Bins,Adaline,147.955.0097
Borer,Heloise,692-773-2939
O'Connell,Madie,310-442-5250
Moen,Marion,409-792-8370
Robel,Leilani,919.512.7343
McCullough,Mona,952-136-3376
Bogan,Mariela,687-631-1564
Rodriguez,Oleta,482.081.7453
Christiansen,Eugene,526.557.9010
Botsford,Stacy,993.171.2183
Gibson,Alfredo,459-637-2494
Heller,Alessandro,716.383.0927
Block,Rashad,317-241-9039
Durgan,Reginald,465-135-5353
Nienow,Shea,293-515-8972
Botsford,Elroy,274.861.6320
Marvin,Gaston,778-633-8609
Lang,Jodie,933-357-0695
Kohler,Camilla,523-372-9554
Marvin,Fabiola,501.046.2388
Hegmann,Veda,188-364-3534
Dickinson,Keara,832.872.6800
Trantow,Makenna,373-790-0027
Luettgen,Tom,707.879.3189
Quitzon,Rossie,657-647-5254
Green,Lura,544.721.7687
Koelpin,Westley,538-832-2316
Walsh,Araceli,541.026.7395
Hills,Euna,741-466-4816
Mosciski,Ellen,711.207.2041
Runte,Monroe,718-978-9612
Block,Mike,150.490.9351
Breitenberg,Tanya,375.164.8557
O'Hara,Weston,228.185.3918
Adams,Mercedes,972.341.9716
Walter,Jonathan,122-811-9654
Greenholt,Cletus,798.092.1953
Heathcote,Darrick,255-150-8830
Stark,Jakayla,539-187-2606
Hodkiewicz,Nikolas,693.505.8869
Corkery,Georgiana,588-029-4502
Thiel,Karelle,852.598.9327
Schulist,Chaz,640-225-8361
Corkery,Jerel,570-997-5456
Rice,Geo,471-431-0163
Champlin,Monique,646-414-3998
Bartoletti,Dino,551.036.8480
Ward,Keshawn,621-447-7930
Mosciski,Luigi,748.600.8664
Terry,Santiago,408.209.4740
Reynolds,Georgette,391-207-9319
Conroy,Garland,910.816.7776
Thompson,Albertha,365-463-7911
Swift,Loyal,523-242-5005
Gerlach,Alivia,911.754.6892
Stokes,Ophelia,780-381-7589
Witting,Noemy,211.390.2986
Ledner,Nyah,590.872.4636
Denesik,Jazlyn,857-139-3903
Funk,Dianna,956.087.6645
Stoltenberg,Jerome,502.862.3655
Christiansen,Lorenzo,825-816-5322
O'Connell,Tyrel,289-692-4645
Schaden,Justyn,136-345-9198
Hartmann,Henry,142-334-0599
Casper,Enoch,819-295-2067
Runolfsdottir,Ruben,914-319-5479
Ziemann,Ernie,980.018.0635
Friesen,Monserrat,721-973-1028
Larson,Brennan,157.805.7573
Bahringer,Kaylah,680.120.2131
VonRueden,Sadye,734.635.6493
Jacobi,Tyrell,567-818-2457
Gusikowski,Chadrick,976-310-7168
Collins,Wava,455.661.6602
Cruickshank,Gino,635-049-5715
Bahringer,Roberta,331.897.6363
Feest,Ronny,769-525-1817
Maggio,Annabel,695.705.5414
Hintz,Lulu,272-832-0889
Schamberger,Jessy,916.229.0863
Brown,Norwood,706.863.4429
Schamberger,Jerod,942-670-3390
Conroy,Lucious,984.137.6564
Swift,Dejah,636-980-1840
Greenholt,Shanny,134-281-8076
Jacobs,Merl,477-530-2465
Hauck,Clement,613.934.2287
Brakus,Zora,302.543.9809
McKenzie,Nash,194.355.0152
McLaughlin,Nikita,166.884.0087
Lemke,Bradly,990.357.5108
Paucek,Anais,432.969.7031
Batz,Dedric,987.495.3067
Lakin,Maud,444-391-2672
Lindgren,Gunner,494-351-3079
Purdy,Nichole,139-948-6243
Blanda,Matilde,570-991-5133
MacGyver,Kade,814.408.8751
Prohaska,Delphia,358.810.8768
Rosenbaum,Freida,100.687.5087
Hermann,Roman,298.603.7855
Kertzmann,Delfina,970-943-6586
Lakin,Vida,703-656-9338
Kuhic,Darrion,482.204.8839
West,Alison,959.371.0186
Rau,Francesco,246.198.7431
Murray,Wilbert,505-937-4958
Huel,Schuyler,589.085.2457
Brakus,Liliane,297-161-0553
Stiedemann,Bridie,971-895-4908
Greenholt,Guido,181-285-9849
VonRueden,Camille,290.657.1568
Bayer,Kristin,854.210.6378
Gorczany,Issac,631.220.4277
Wilkinson,Mariela,426.647.8241
Kling,Hassie,455-774-5033
Mosciski,Jordyn,733.783.0220
Rohan,Letha,740.666.0829
Runolfsdottir,Ethyl,739.839.7681
Yost,Savion,920-735-7818
Mayert,Lila,615.967.8418
Hessel,Maia,787-973-4777
Aufderhar,Laverne,877.843.1537
Mitchell,Jarrod,863.203.5361
Rodriguez,Arvilla,405.849.7190
Abbott,Rhiannon,654-946-5535
Botsford,Emmitt,143.907.9997
Christiansen,Luis,833-553-2810
Steuber,Cathryn,865-284-1490
Olson,Kelsie,890.646.6345
Graham,Elvis,453-555-7915
D'Amore,Jacinto,292.977.5441
Conn,Newton,984-561-0137
Glover,Arturo,775.731.9716
Johns,Dustin,832.207.5404
Lubowitz,Francisca,728-431-3428
Jacobson,Leonardo,882-243-8539
Pouros,Tierra,521-098-0975
Schaefer,Emile,810-331-3317
Witting,Stephon,886.961.3116
Lemke,Verla,255.546.0706
Batz,Jewell,170-182-1948
Towne,Daija,708-380-7190
Schroeder,Celia,218.346.1953
Mraz,Beatrice,379-195-0781
Steuber,Alverta,755-479-2399
Ferry,Bailey,220.380.5385
Ullrich,Leonie,578-489-2414
Conn,Marina,359.028.9022
Sporer,Rudy,807-408-0681
Klocko,Ruthe,671.127.8142
Roob,Trenton,772-045-8496
Collins,Loma,813.120.2485
Kihn,Lamont,838.405.6700
Skiles,Sasha,906.754.6941
West,Danial,946-884-6651
Borer,Cicero,919-976-0128
Leuschke,Letitia,851-704-9652
Goodwin,Frank,427.290.5055
Mosciski,Eliezer,953-508-6178
DuBuque,Madyson,189.006.0001
Ankunding,Jordyn,917-316-0134
Glover,Vladimir,535-944-5786
Collins,Gilberto,654-034-9484
Steuber,Verner,630.299.0591
Smitham,Mavis,864.125.3596
Halvorson,Green,277-606-0541
Mitchell,Ida,910-027-8351
Ratke,Zetta,194.454.4742
Swift,Monique,880-397-4397
Lowe,Lorenzo,212-008-1330
Walter,Jaleel,790.934.1335
Rowe,Chauncey,543-857-4139
Dooley,Arianna,542-774-4056
Ratke,Kenyon,156.285.1835
Nader,Susan,960.848.2895
Johnston,Annamarie,696.922.3991
Nitzsche,George,381-945-5389
Quigley,Jackson,760-454-7126
Dibbert,Elton,682-456-9745
Krajcik,Lyric,401-113-2962
Oberbrunner,Aliya,884.262.5365
Rippin,Tiffany,284.325.3321
Haley,Elmore,324.734.0472
Mosciski,Sister,909.363.3398
Spencer,Ethelyn,654-945-7942
Doyle,Kip,920.182.4162
Treutel,Kyla,469-509-6820
Gleichner,Rosa,626.852.8613
Hammes,Stanley,549-271-2697
Hauck,Anya,374.458.0958
Wuckert,Vito,774-742-1054
Wilkinson,Stan,630-299-3800
Baumbach,Noble,800-766-8688
Abshire,Ludie,990.569.5440
Jaskolski,Effie,567-655-7268
Fisher,Izabella,795-034-0246
Harris,Ethelyn,381-951-6708
Franecki,Vergie,943-463-0819
Ortiz,Jeffrey,220-678-9792
Conroy,Gregory,522.119.3226
Durgan,Lucile,362.248.0783
Kulas,Hazle,971.435.9761
Padberg,Hilton,846.463.7718
Ankunding,Ernestine,810-504-9295
Schamberger,Ebba,296-427-6231
Thompson,Cole,431.089.7619
Will,Kyra,572-570-9495
Rath,Norberto,269-006-3856
Auer,Eric,220.088.9946
Cummerata,Rosalind,758.753.2390
Stamm,Desmond,817.124.0599
Sanford,Robyn,308-893-9879
Gleason,Thaddeus,512-863-6248
Marks,Trenton,959-595-2763
Pfannerstill,Luigi,349.855.4426
Koepp,Myles,506-353-1439
Fadel,Wendell,179-161-8970
Gusikowski,Davonte,455.592.8214
Cassin,Rickie,846-085-5194
McCullough,Charlotte,811.370.2732
Boehm,Thea,491.989.7067
Corwin,Tyreek,674-975-0680
Hane,Annabel,875.760.3799
O'Keefe,Earnest,475-527-4625
Torp,Orion,779.398.2853
Champlin,Marietta,301.724.4979
Lockman,Haylie,327-356-8800
O'Keefe,Abraham,252-673-0029
Quigley,Margaret,151.400.2223
Goldner,Imani,100.181.0481
Sipes,Phoebe,149-365-1233
Doyle,Ryan,721.008.8325
Huel,Jaquan,568-167-4284
Turcotte,Myrl,807-728-3318
Romaguera,Gerardo,984-650-3706
Luettgen,Albina,758.668.7648
Bednar,Mable,490-767-3761
Reilly,Oran,135.074.4165
Walsh,Uriah,767-317-2280
Hahn,Oswald,378-167-3515
Gusikowski,Noelia,393-916-0345
Cruickshank,Cletus,456.266.2091
Prosacco,Lesley,565.555.1450
Mann,Nick,459.092.7191
Botsford,Moshe,606.089.4362
Hammes,Lavada,179.358.4381
Gislason,Isom,855.485.5062
Balistreri,Alia,897.829.6503
Wiegand,Maynard,657.943.2129
Haag,Brennan,970.891.1906
Crist,Barbara,464-367-6413
Ortiz,Earnestine,600.393.7014
Erdman,Frederick,803-566-2982
Hirthe,Buck,133-291-6605
Muller,Angelo,780-621-0856
Little,Delfina,481-657-1681
Price,Adam,119.555.4400
O'Conner,Diego,479.979.4245
Tillman,Kayla,138.451.6441
Kunze,Joan,301.011.8952
Quigley,Hadley,934.348.0875
Kulas,Toney,661-246-8380
Schamberger,Ervin,667.046.7792
Greenfelder,Colby,370.337.2601
Barton,Josefina,874.301.1374
Walter,Angelica,451-842-3173
Corwin,Kaleigh,887.794.1622
Deckow,Burdette,321-334-4522
Keebler,Tyrese,975-409-4335
Goodwin,Jodie,634.718.6015
Hodkiewicz,Jacques,143-494-3569
Rolfson,Keara,367.395.5563
Howell,Nigel,970-279-8482
Brakus,Stephanie,905.924.5186
Hudson,Mallory,979.183.2086
Weissnat,Jesus,324.153.2240
Wolf,Cristal,705-390-2295
McClure,Dorian,245-438-4352
Mante,Assunta,436.401.6217
Mohr,Deontae,501.578.3121
Cummerata,Alva,718.909.0407
Dickinson,David,984.392.4627
Lynch,Wilton,579-593-6594
Kemmer,Clarabelle,289.833.6032
Braun,Adalberto,474.796.1069
Murray,Juana,857.141.1105
Klocko,Major,626-889-3468
Wuckert,Ruben,334-385-8264
Barton,Nicholaus,823-880-1497
Haley,Astrid,265.964.9644
Fadel,Esther,721-845-3821
Anderson,Savion,586-754-9946
Wiza,Ezekiel,618.210.6530
Mraz,Margarita,696-557-8258
Hammes,Wilfred,178-806-4015
Jacobi,Barney,588.950.7682
Sawayn,Freeda,126-407-9021
Krajcik,Zackery,494.742.3106
Welch,Anabel,692-270-1875
Schultz,Tania,798-322-2003
Howe,Melisa,276-317-9135
Wisoky,Johnson,467.825.0954
Gerhold,Alivia,398.893.9394
Ebert,Elva,164.357.0335
Farrell,Maritza,723-984-8488
Wiza,Javonte,913.629.3632
Jenkins,Terrell,361.017.7480
Wisoky,Ola,757-408-2645
Beer,Davonte,306.593.0140
Bernier,Rory,995.378.1750
Breitenberg,Elza,464-283-4128
Cruickshank,Aubrey,214.377.0162
Robel,Susana,588-988-2593
Luettgen,Dee,979.861.6734
Sipes,Lucienne,288-613-7655
Johnston,Jeanie,256-275-8068
Ebert,Dean,860-043-7478
MacGyver,Wayne,718.857.9700
Wilderman,Shemar,966-502-1161
Harvey,Marlin,808.789.9680
White,Ollie,637-592-0333
Huels,Marlin,501.927.5822
Pouros,Jayda,411-400-6541
Monahan,Raphaelle,660.622.9690
Olson,Reanna,864.863.1082
Koepp,Heath,417.338.3505
Haag,Tyra,419-942-9741
Olson,Sven,776.335.0614
Witting,Darlene,399-962-2986
Kessler,Sigmund,660.645.2041
Farrell,Larissa,314.439.6173
Crist,Vernon,227-083-8888
Jones,Everardo,744-781-8752
Jerde,Aron,985.253.1005
Langosh,Roxane,412-736-3528
Effertz,Evie,289-268-5624
Runolfsson,Berniece,865-643-8422
D'Amore,Estell,354-348-0582
Bednar,Rebekah,890.907.3828
Howe,Toby,141-771-3315
Mann,Mattie,750.458.2249
Shields,Pinkie,850-470-8166
Kerluke,Jamel,502-575-0289
Strosin,Nikko,485.083.8541
McLaughlin,Finn,803.715.1806
Barrows,Jayme,462-751-7120
Jaskolski,Amelia,397.384.2023
Konopelski,Natalie,901-811-6564
Zulauf,Odessa,952-524-0545
Parisian,Cletus,730-437-7542
Brown,Garrett,230-304-9370
Waters,Kaylee,313-867-4183
Russel,Savannah,624-366-7920
Carroll,Pablo,882.089.0433
Schaden,Jordane,627-293-1844
Effertz,Aubrey,566-002-5821
Hermann,Antonio,562-675-4912
Watsica,Amina,270.617.1632
Volkman,Brandy,688.614.5012
Klocko,Marie,101-358-8692
Schamberger,Ally,895-972-6201
Macejkovic,Devon,956-129-2240
Lemke,Yazmin,594-628-9333
Kuhic,Judge,446.169.5194
Lynch,Parker,193.881.0871
Homenick,Jedidiah,323-284-8077
Osinski,Lonie,480-864-7505
Heaney,Electa,898-706-6634
Boehm,Toni,423.672.1317
Moen,Glenna,311.914.0030
Little,Quentin,141-520-9432
Crona,Jerod,558-204-5646
Swift,Elwin,907-972-3953
Erdman,Estefania,568-095-5970
Cormier,Ryleigh,871-931-1022
Wuckert,Ellis,375.369.7714
Romaguera,Mason,564-396-4224
Ziemann,Dahlia,223-560-9243
Swaniawski,Levi,143.943.8621
Hettinger,Jarrell,959-487-2271
Abshire,Morton,843-739-8879
Mante,Iva,600-064-9865
Pollich,Cordelia,606.095.8037
Wehner,Mallory,397.797.8261
Tremblay,Narciso,382.036.2894
Stroman,Maribel,529.217.0608
Dietrich,Kara,212.439.0848
Langworth,Myrtis,409-390-5841
Mayert,Muriel,465-061-5636
Ratke,Casandra,466-901-8511
Quigley,Delbert,726.880.1466
Hintz,Nya,238-404-3545
Bechtelar,Demarco,576.394.3756
Cremin,Verlie,114.261.6391
Dibbert,Lyla,691-626-0565
Bode,Isaiah,356.230.1177
Gibson,Adell,173-149-1733
Hermiston,Celine,493.465.6691
Nitzsche,Emilia,619.683.1190
Brakus,Ophelia,818-099-2871
Purdy,Kayla,359-638-4982
Jacobs,Katrine,132.419.5737
Greenholt,Roscoe,895-981-2813
Mohr,Kiana,782-339-1948
West,Lesly,905-215-6629
Anderson,Oral,751.149.6267
Jerde,Reta,950-559-9878
Osinski,Haley,605-866-1233
Maggio,Ramon,673-885-0505
Quitzon,Marcel,108.229.8300
Marvin,Deon,111-177-8279
Hudson,Alta,751.956.4138
VonRueden,Cassidy,875-813-6882
Denesik,Christopher,614.631.9589
Mertz,Harry,872.754.7613
Osinski,Paul,225.610.9353
Jones,Raymundo,264-483-8311
Heaney,Elna,114.101.1466
Wolf,Emmet,174-056-4979
Corkery,Darrel,114-147-2608
Beer,Cecilia,691-067-7523
Quitzon,Devonte,738-219-4697
DuBuque,Jerad,381.874.2636
Larson,Meredith,257-976-9120
Schaden,Rickie,721-566-3914
Bauch,Lewis,305-797-9339
Thiel,Katelynn,237.238.4071
Bogan,Rickie,575.749.0113
Schroeder,Neva,514.647.4813
Corwin,Mattie,911.894.0894
Powlowski,Frederic,798.040.4591
O'Hara,Allie,300-379-8463
Gutmann,Joelle,227.336.4944
Mills,Okey,709-959-7754
Shields,Hershel,381-759-4570
Luettgen,Percy,119-588-5178
Brekke,Pat,481.039.6088
Mante,Anissa,133-543-4143
Skiles,Kimberly,268-178-2515
Mosciski,Fernando,511-479-6973
Swift,Brenden,859-679-5341
Wiegand,Carey,611.197.5214
Bergnaum,Joanie,385.830.5650
Wehner,Archibald,568-147-8926
Fisher,Anita,529-757-5283
Stark,Kristian,347-718-5050
Orn,Rashawn,596.809.4174
Hackett,Christy,962-480-4524
Gutmann,Eve,613.473.8958
Effertz,Cierra,873-384-9226
Heidenreich,Allison,547.386.6624
Zulauf,Jana,918-863-0535
Kuhlman,Lacy,407.816.7771
Bashirian,Robert,738-866-2366
Pouros,Erwin,804.252.7765
Kling,Rubye,580-470-7026
Abbott,Keara,472-768-6687
Rice,Rahul,149.792.8991
Veum,Reggie,377-322-7568
Kovacek,Layla,284.011.4896
Bernier,Camilla,344.698.9504
Homenick,Christelle,753-476-9029
Hettinger,Aubrey,724-444-0168
Bins,Ludie,331-763-0861
Carroll,Marcelina,999.856.4415
Hayes,Lance,992.644.2320
Ziemann,Cathryn,882.930.9613
Abbott,Shakira,833.677.6849
Schroeder,Martine,926-999-8408
Lesch,Garrison,518-922-4991
Osinski,Myra,219-133-9439
Erdman,Casey,340.557.0277
Welch,Veda,693.401.5523
Cassin,George,840.849.2514
Cummings,Eloise,914.475.5160
Hane,Laura,133-094-8131
Bosco,Freda,981-853-1218
Steuber,Darien,342.638.9653
Reichel,Yazmin,366.740.9882
Hyatt,Miles,780.794.3192
Schaden,Jermain,709.905.0838
Johns,Annabelle,221-901-2841
McClure,Kevin,598.576.6786
Flatley,Cordelia,490.115.0478
Welch,Kamille,298.884.0286
Rice,Libby,432-103-4188
Parker,Mohamed,701-655-6889
Erdman,Demond,988.401.5298
Waelchi,Lyda,716.155.4699
Baumbach,Bryana,400-423-8328
Cormier,Monty,646.567.7348
Zulauf,Manley,928-753-3841
Kihn,Wilson,821.355.9674
Terry,Bonnie,282.790.5420
Rath,Al,372.001.7735
Leannon,Luigi,639-086-6905
Champlin,Johnathan,105.377.0824
Hammes,Danyka,193.738.8286
Johnson,Elta,909.909.3198
Greenfelder,Gunnar,886.357.8850
Hayes,Noe,681-831-6023
O'Hara,Liana,875-541-2310
Zulauf,Alexandre,422.801.4369
Strosin,Theresia,533.906.2131
Weimann,Dejuan,684.707.6099
Kilback,Itzel,400.251.3507
Hintz,Cynthia,759.010.5092
Block,Lilliana,525.593.4062
Runolfsson,Tyra,244.595.2303
Turcotte,Telly,168.799.5519
Borer,Sidney,605-138-2925
Swaniawski,Arlo,849-958-8785
Rodriguez,Margarete,713-609-1752
Eichmann,Sofia,475.700.6492
Fadel,Rebekah,568-943-7302
Dibbert,Marisol,729.384.1490
Considine,Owen,145.697.0304
Waters,Charlene,196.266.7876
Gottlieb,Eldridge,582-197-8389
Spinka,Randall,282-106-4155
Bashirian,Rosanna,710.554.7405
Kilback,Dwight,184-420-0643
Klein,Brionna,815-270-6911
Reichert,Stefan,557.467.6801
Brown,Jadyn,222.483.8082
Volkman,Jermain,319.952.0529
Bauch,Robyn,873-093-3082
Schamberger,Jerel,198-622-4874
Rogahn,Freeda,246.539.0033
Gibson,Gladys,443-591-5130
Fritsch,Lorna,270.434.7314
Pagac,Lenny,534-609-9929
Simonis,Erick,652.987.2810
Nitzsche,Irma,984-962-5847
Lesch,Mallie,229-992-0195
Fisher,Murray,111.467.0968
Emard,Sanford,911.671.7607
Pacocha,Emilia,585-879-3767
Batz,Ulises,548-809-4903
Weissnat,Guy,544-001-9424
Johns,Zaria,534.919.2521
Reilly,Kenton,900-020-3476
Leannon,Talia,749.735.2756
Aufderhar,Ernestina,116-887-7972
Lubowitz,Odell,359-058-4671
Jaskolski,Ressie,817-307-6430
Kovacek,Arnoldo,525.665.8620
Satterfield,Fermin,699-007-3419
Kling,Hershel,899.181.3463
Monahan,Sally,683-021-6940
D'Amore,Guy,532-856-5198
Heathcote,Montana,358.803.5051
Kessler,Winnifred,325-225-5826
Walter,Sunny,442.567.0567
VonRueden,Dale,921-182-4369
Lowe,Judy,554.100.3271
VonRueden,Kennith,942.261.8375
Yundt,Marquis,622-959-9565
Sporer,Mona,997-901-7085
Goldner,Emiliano,900.658.5447
King,Susana,299.026.3060
Becker,Shaina,937.775.0305
Schroeder,Elyssa,589.299.0177
Rice,Terrence,263.827.6634
Bechtelar,Annette,764.153.4828
Gerhold,Martin,863.598.2795
O'Reilly,Uriah,198-431-8261
Lynch,Edwardo,864-390-6821
Feeney,Tracey,491.597.2496
McCullough,Wyatt,534-629-6817
Torphy,Alana,296-711-4994
Schoen,Kendall,672.152.0578
Denesik,Tyshawn,196-987-4955
Towne,Micah,260-965-7306
Ullrich,Randal,134-724-5145
Corkery,Antone,442.495.0492
Kutch,Lessie,449-589-1559
Hansen,Marcellus,776-821-9112
Block,Myra,650-678-6615
Leffler,Amparo,706-929-0545
Ortiz,Carolanne,822.400.6603
Hansen,Weldon,519.994.9801
Hilpert,Kylie,696.627.6835
Aufderhar,Toney,134.352.9463
Johnston,Kailyn,993-525-8357
Lowe,Brenda,481.595.4877
Predovic,Odell,639.719.4455
Kris,Rowland,865.997.5338
Homenick,Percy,591-675-1415
Cartwright,Corene,106-881-0223
Windler,Janiya,796.979.5157
Koepp,Milan,662.433.3000
Russel,Laurine,879.630.3557
Walker,Lane,405-197-5673
Towne,Doyle,537-897-5021
Goodwin,Jolie,660-185-3642
Rogahn,Elizabeth,734-443-9894
Greenfelder,Rasheed,257.633.5073
Denesik,Caterina,546-006-8421
Lebsack,Orlando,967-805-0677
Gleason,Estrella,315-054-0320
Bailey,Randy,763-507-1877
Wintheiser,Chauncey,490-746-8206
Olson,Lois,556.506.1013
Maggio,Toby,447.457.3560
Osinski,Marlee,123-605-4819
Stracke,Elissa,435-203-0117
Halvorson,Name,840-191-4089
Grady,Jazmyne,988-101-5805
Kilback,Kaleigh,681.708.2818
Price,Eugenia,723-690-9582
Yundt,Scotty,492-924-2023
Kris,Trisha,867.183.0437
Veum,Misael,313.875.9675
Jakubowski,Brian,368.598.9651
Schmeler,Valentin,718.142.0450
Kirlin,Mitchel,193.908.6330
Ullrich,Durward,507.767.8170
Paucek,Austen,353-706-1494
Waters,Jennyfer,839-203-9417
Corkery,Talia,187.011.8001
King,Marie,321.842.1186
Larkin,Davonte,596-357-8232
Lindgren,Paris,617.092.6666
Howell,Kathryn,513-599-8450
Wisozk,Dariana,729.581.0080
Schroeder,Milan,291.422.8753
Lebsack,Raymond,627.906.1162
Powlowski,Bettie,424-677-9607
Miller,Yasmin,995-968-1063
Corkery,Camille,504.525.2271
Mann,Hilbert,534-573-4357
Stehr,Gregoria,488.897.8928
Kshlerin,Xzavier,503-076-4736
Hagenes,Dominic,349-548-2249
Effertz,Myra,887.606.9933
Hudson,Horace,986-266-3128
Hettinger,Assunta,803-954-5671
Grant,Jasper,120.299.8803
Goodwin,Tom,305.589.0131
Pouros,Cristal,533.390.1350
Casper,Krystel,465.475.4996
Ward,Jace,829-475-9648
Smith,Yasmine,588.869.8420
Beahan,Gerardo,624.208.1187
Carroll,Alexandro,328.681.8105
Nienow,Ludie,916.122.8228
Beahan,Joaquin,369-133-5621
Feest,Kraig,829-180-3116
Dare,Shirley,887-475-1279
Nicolas,Uriah,538.920.6472
Schimmel,Rhoda,443.070.8702
Kautzer,Geovanni,843.898.9602
Shields,Shaun,590-208-9836
Reynolds,Marie,437.541.6545
Kuvalis,Toney,470-354-4823
Grant,Alfredo,809-952-8067
Klocko,Maggie,866-067-7260
Lockman,Hayden,376.962.9745
Kilback,Jace,965.700.9193
Paucek,Ford,940.029.4667
Klein,Dwight,737-589-6169
Schowalter,Bennett,197.698.7620
Price,Leanna,801.319.2007
McDermott,Rylee,904-116-9103
Hickle,Sophie,965.183.7851
Green,Braeden,352.164.9851
Kessler,Eldridge,536.261.4695
Blick,Jayson,728-318-4858
Langworth,Jane,855.437.7126
Rippin,Rozella,720.880.1057
Turner,Alivia,353-277-1240
Welch,Nadia,349-956-9505
Eichmann,Norwood,429-082-2632
D'Amore,Chester,492.189.7737
Pacocha,Jackson,340-734-0836
Strosin,Morgan,850-931-3231
Boehm,Camryn,263.946.2293
Romaguera,Margarette,816.153.8384
Trantow,Marcelina,544.305.3090
Rodriguez,Richard,123.835.3136
Boyle,Kenya,222-785-9297
Bosco,Antwon,852.382.8405
Blanda,Winfield,475.070.3195
Hudson,Bonnie,649.530.7079
Zemlak,Keon,437.235.4815
Hirthe,Morris,855-221-9828
Predovic,Trever,511.074.0803
Kulas,Amari,992-693-4902
Champlin,Abbie,230-976-5847
Cormier,Korbin,727-732-0602
Dickinson,Rosina,541.671.8609
Beahan,Jaime,711-767-7563
Medhurst,Jason,421-265-1188
Ondricka,Kiley,176-464-6505
Brakus,Rodrigo,612-804-3051
Lueilwitz,Felipe,552.096.5022
Stamm,Thelma,994-744-5556
Johnson,Cordelia,533-234-0949
Bogan,Pete,634-481-1971
Veum,Dino,928.814.8184
Schaden,Arthur,116.357.3662
Kirlin,Sallie,756-292-7095
Hilpert,Gay,498-468-9952
King,Camron,676-470-7463
Dickens,Harrison,431.130.3253
Hessel,Oma,594-533-7727
Rolfson,Nikita,246-737-6197
Will,Ross,993.559.2038
Bartoletti,Cordelia,552-498-9328
Nikolaus,Boyd,174-609-5244
Terry,Urban,171-816-8052
Padberg,Scotty,866.025.5601
Hartmann,Kyleigh,327-796-1750
Schroeder,Isaias,708-363-3957
Bergstrom,Ferne,770-304-8949
Sanford,Edgar,423.719.3197
Bahringer,Lazaro,521.907.2713
Homenick,Michaela,365.539.2009
Bergstrom,Toy,325-192-1412
Quitzon,Dock,585.064.3206
Tillman,Chloe,837.385.7123
Parker,Agnes,758.942.6890
Hessel,Gayle,670-280-0395
O'Hara,Tyreek,642.850.4418
Dooley,Adolf,418-821-7155
Roberts,Mireille,242.596.0338
Herman,Nayeli,217.048.9685
Gerlach,Reggie,452-776-7561
Sawayn,Keeley,911.267.2762
Mosciski,Newell,976-283-4308
Barrows,Myrtie,550-179-7405
Rutherford,Coleman,692.823.7085
Bradtke,Brooks,567-321-0012
Mohr,Hulda,333.950.5293
Murray,Fredrick,435.510.7435
Jenkins,Franz,620-023-4033
Pacocha,Bobbie,499.862.3353
Cole,Donny,994-947-5506
Bechtelar,Dejon,323-100-7812
Larson,Opal,467-886-2630
Rice,Consuelo,577-668-4808
Ernser,Lola,932-217-9241
Jacobi,Kolby,225.471.3384
Swift,Samson,285.504.4301
Huel,Emil,692-876-8158
Feil,Dejuan,877-469-6312
Medhurst,Orval,827.896.3589
Anderson,Vincenza,843-910-0019
Blanda,Madaline,829.116.6922
Tremblay,Kayley,992-771-7169
Terry,Samir,435.040.9960
Bins,Izaiah,742-500-6056
Wunsch,Lauren,812-651-3570
Dickinson,Dovie,967-311-1312
Bauch,Alyson,772-271-9525
Harris,Jordy,207-396-2296
Fay,Linda,121-882-2154
Davis,Rosina,889.990.7332
Heaney,Alia,727.710.6733
Heaney,Romaine,207-327-9501
Skiles,Lisette,226-716-8822
Gerhold,Katarina,563-300-7604
Olson,Ara,988-662-9997
Steuber,Shawn,551-000-8298
Bashirian,Enid,937.202.7127
Bradtke,Anastasia,462.449.2787
Cummerata,Bessie,943-510-3877
Streich,Sally,135-014-5888
Anderson,Price,920.878.2324
Ortiz,Erna,372.442.7509
Doyle,Bryce,596-374-5636
Ondricka,Akeem,685-591-1908
Gorczany,Fatima,783-273-1566
Cole,Ardella,760-085-7361
Goyette,Alberta,136-635-5484
Baumbach,Israel,787-408-1417
Ferry,Shanie,544-825-2120
Hermiston,Ulices,557.289.2719
Moen,Macie,831.752.2749
Bernhard,Vergie,526-897-6151
Lind,Oren,529.621.9935
Bashirian,Alexis,807-736-5087
Kozey,Ferne,994.097.0474
Haley,Ettie,755-064-8943
McDermott,Aurelia,648.154.0227
Lockman,Domenica,598-902-8118
Farrell,Akeem,942.726.9760
Rohan,Cristina,676-617-6010
Legros,Louie,971-036-9536
Crona,Jedediah,651.312.1539
Hermiston,Lulu,830.958.1649
Ondricka,Vickie,966-226-2057
Bergnaum,Kayla,410-231-7040
Lubowitz,Audra,738.325.5663
Brown,Merlin,555.189.3446
Tromp,Grady,274-628-5409
Wilkinson,Cindy,783-091-8799
Kautzer,Agnes,184-439-1129
Ondricka,Dedric,291.744.0558
Homenick,Darwin,889-702-5983
Welch,Bryce,542.328.1413
Hauck,Marquise,835.284.0216
Donnelly,Elody,784-181-1329
Grant,Maudie,740.800.7504
Altenwerth,Braden,305.165.8427
Ryan,Gay,639-248-8769
Konopelski,Cary,173.873.7355
Hintz,Haven,205-310-8573
Kub,Heather,963-599-3221
Sanford,Josie,708-765-9285
Wisozk,Lemuel,298.735.4498
Weber,Jasen,308.833.8308
Beatty,Logan,576-396-3555
Nikolaus,Daniella,757.759.2061
Rolfson,Dandre,727-371-3381
Fay,Efrain,791.704.3351
Rowe,Kieran,943.580.3304
Schiller,Angie,455.854.0739
Skiles,Katheryn,791-977-1808
Reinger,Kian,218.380.5340
Kris,Otho,171.372.7874
Hodkiewicz,Emely,300-541-4703
Kilback,Freeman,699.949.9697
Gibson,Perry,390-664-4717
Lakin,Janae,125.135.0141
Leuschke,Hallie,651.092.9871
Stanton,Caesar,641-283-4257
Medhurst,Brianne,672.630.3926
Kuhlman,Kameron,143.458.8540
Huels,Sonny,292-799-9828
Berge,Frederick,116.236.0918
Skiles,Marquise,982.232.0929
Ondricka,Aurelio,922.756.5795
Kshlerin,Carli,849.561.0205
Swift,Dario,249-027-6192
Hayes,May,334.299.3284
Zulauf,Hunter,533.771.2873
Zulauf,Jacey,476.376.3464
Stokes,Heloise,769.337.0983
Johnson,Nellie,451.910.3051
Koepp,Hermann,384.219.4596
Rice,Kelli,373-310-7881
Medhurst,Kyleigh,553-720-5659
Hagenes,Dakota,552-046-7005
Kreiger,Brycen,780-974-2008
Gottlieb,Leo,890.889.6604
Pfannerstill,Zelma,520-953-4988
Smitham,Heber,519-050-5722
Zieme,Johnnie,571.824.7300
Streich,Stefan,986.671.0429
Swaniawski,Robin,168.728.6624
Barton,Gregoria,485.069.7127
Tromp,Krystina,403.778.3792
Hansen,Nannie,714.583.3031
Grant,Mina,931.259.9077
Davis,Sophie,393.752.2884
Bruen,Gayle,317.467.0440
Emard,Clarabelle,429.659.8871
Weimann,Betty,189-317-6523
Murphy,Lucious,810.141.9276
Moen,Jeanie,559-390-9076
Weber,Abdiel,569-068-7461
Schiller,Owen,592.074.4414
Wyman,Anita,296.214.0128
Smitham,Nathan,335-216-9861
Bernhard,Wilfrid,798-161-1850
Reynolds,Lucious,886.684.3897
Bartell,Joshuah,963-655-9253
Blanda,Vicenta,776-036-8916
Wyman,Pat,773.887.7178
Predovic,Jerod,357.798.3288
Strosin,Marta,469-017-5653
Brakus,Wilton,192-407-7528
Miller,Destinee,652.166.0278
Jenkins,Madelyn,790-157-9132
Dibbert,Ansley,383-394-7951
Glover,Keanu,727-995-3285
Mohr,Lamar,137.122.2409
Wolff,Adeline,150-270-0120
Glover,Marty,821.675.9377
Klocko,Moses,885-996-1106
Erdman,Arvilla,764-246-6604
Turcotte,Kristoffer,307.585.9229
Mertz,Doris,882.416.9088
Kreiger,Manuela,190.304.0128
Hilpert,Haylee,941-008-3207
Dach,Monte,948-246-8086
Hammes,Gardner,585.044.2043
Thiel,Zachariah,199.536.1574
Hessel,Hanna,699-712-3824
Veum,Delta,164.111.4964
Paucek,Thurman,913-065-0099
Tillman,Lisa,236.655.3880
Schimmel,Jack,231-922-9026
Hansen,Nora,326.522.6186
Lubowitz,Kristian,530.191.1681
Hauck,Lottie,473-685-0676
Stark,Martina,689-502-5424
Weimann,Bo,411-865-7492
Erdman,General,989.002.1361
Kohler,Alva,594.223.7961
Rau,Nayeli,631-295-1140
Zieme,Zelma,241.144.5993
Schoen,Clementine,113-782-4667
Greenfelder,Burdette,250.797.3129
Orn,Justyn,191-457-3400
Considine,Jaunita,376-612-9953
Strosin,Roxanne,426.949.5673
O'Conner,Mckenzie,229-773-2773
Cremin,Ross,850.842.7835
Beer,Stephanie,400-927-2034
Schiller,Timmothy,118-060-1647
Keebler,Ernestine,222.751.7327
Franecki,Briana,204.747.2513
Lynch,Zane,365.335.7151
Wiza,Jason,154-452-8116
Halvorson,Odell,931.734.1219
Gibson,Aidan,454.321.8182
Keebler,Marlee,798-649-7924
Jakubowski,Aliyah,607-899-4799
Schmidt,Christina,943-505-8487
Steuber,Darron,352.066.1479
Reynolds,Terence,924.616.0353
Wyman,Lemuel,616.837.1963
Vandervort,Fredy,599.284.5586
Stracke,Eveline,588.865.7126
Abernathy,Hettie,918.649.8269
Mann,Theodora,990.184.0551
Monahan,Ashlee,166.130.4198
Keebler,Shana,407-151-5420
Berge,Bettie,899.479.2346
Kozey,Karianne,821.148.3796
Koepp,Josue,562.742.0827
Veum,Ibrahim,153.588.8163
Padberg,Carmelo,144-047-0693
Kirlin,Terence,956-555-8663
Robel,Yessenia,941-093-2065
Stokes,Rickie,785-298-9804
Welch,Zion,343-129-4845
Fay,Terrence,785-816-4260
Buckridge,Iva,698.828.3806
Wiza,Ofelia,727.889.1301
Hartmann,Ewell,168.192.3556
Leannon,Easter,982.086.4809
DuBuque,Sheldon,761-630-0259
Sawayn,Kathryn,122.400.6091
Mueller,Waylon,455-152-9863
Bartell,Kaelyn,581-319-6099
